t,ID,z,bvs,FixRepro,bvr,food,s,ARS,age,p1,p2,phi
 1 , 1 , 11.36531 , -0.219691 , -0.3623777 , -0.3623777 , 56 , F , 0 , 1 , NA , NA , 1
 1 , 3 , 10.91655 , 0.7586034 , 0.7431717 , 0.7431717 , 62 , F , 0 , 1 , NA , NA , 1
 1 , 6 , 15.17318 , 0.2030747 , 0.0121612 , 0.0121612 , 66 , M , 0 , 1 , NA , NA , 1
 1 , 7 , 13.43569 , -0.06619579 , -0.8650552 , -0.8650552 , 66 , F , 1 , 1 , NA , NA , 1
 1 , 8 , 11.43947 , 0.6017662 , 1.127055 , 1.127055 , 58 , F , 1 , 1 , NA , NA , 1
 1 , 9 , 12.24177 , -0.2781131 , -0.5323259 , -0.5323259 , 58 , M , 0 , 1 , NA , NA , 1
 1 , 10 , 11.84975 , 0.4669591 , -0.08994638 , -0.08994638 , 59 , F , 0 , 1 , NA , NA , 1
 1 , 11 , 11.85817 , 0.6063608 , -0.9320799 , -0.9320799 , 64 , M , 0 , 1 , NA , NA , 1
 1 , 12 , 10.64361 , 0.276213 , -0.5314716 , -0.5314716 , 66 , F , 0 , 1 , NA , NA , 1
 1 , 13 , 11.77127 , -1.726526 , 0.1690823 , 0.1690823 , 53 , M , 0 , 1 , NA , NA , 1
 1 , 15 , 11.78791 , -0.3282145 , -0.4887 , -0.4887 , 60 , M , 0 , 1 , NA , NA , 1
 1 , 16 , 14.49235 , 0.564878 , -0.6214229 , -0.6214229 , 48 , F , 0 , 1 , NA , NA , 1
 1 , 17 , 11.34627 , -0.1555666 , 0.205436 , 0.205436 , 46 , M , 0 , 1 , NA , NA , 1
 1 , 18 , 11.57461 , -0.6865841 , 0.864941 , 0.864941 , 56 , M , 0 , 1 , NA , NA , 1
 1 , 19 , 8.969714 , -0.8263739 , -0.662887 , -0.662887 , 45 , M , 0 , 1 , NA , NA , 1
 1 , 22 , 12.84802 , 0.2410221 , -0.3816271 , -0.3816271 , 69 , F , 1 , 1 , NA , NA , 1
 1 , 24 , 11.95279 , -0.1139206 , -0.1179307 , -0.1179307 , 56 , F , 0 , 1 , NA , NA , 1
 1 , 25 , 11.72686 , -0.03642937 , 0.1363437 , 0.1363437 , 60 , M , 0 , 1 , NA , NA , 1
 1 , 26 , 10.17812 , -0.185323 , -0.8725929 , -0.8725929 , 63 , M , 0 , 1 , NA , NA , 1
 1 , 27 , 9.926391 , -0.2167405 , -0.3727349 , -0.3727349 , 67 , F , 0 , 1 , NA , NA , 1
 1 , 28 , 14.34587 , -0.146078 , -2.513186 , -2.513186 , 54 , F , 0 , 1 , NA , NA , 1
 1 , 29 , 16.2837 , 0.480509 , -0.3716682 , -0.3716682 , 51 , F , 1 , 1 , NA , NA , 1
 1 , 31 , 9.755791 , -0.8050657 , -0.8131086 , -0.8131086 , 54 , F , 1 , 1 , NA , NA , 1
 1 , 35 , 12.21816 , 0.005053102 , -0.07232577 , -0.07232577 , 49 , M , 0 , 1 , NA , NA , 1
 1 , 36 , 9.089358 , -0.4368748 , 0.9334473 , 0.9334473 , 53 , F , 1 , 1 , NA , NA , 1
 1 , 37 , 14.55327 , 0.804845 , -0.7036202 , -0.7036202 , 58 , M , 0 , 1 , NA , NA , 1
 1 , 38 , 11.03297 , 0.1646685 , -1.722774 , -1.722774 , 51 , F , 1 , 1 , NA , NA , 1
 1 , 39 , 13.23167 , -0.6556979 , -1.094837 , -1.094837 , 52 , M , 0 , 1 , NA , NA , 1
 1 , 40 , 14.49424 , 0.2577485 , -0.1766367 , -0.1766367 , 60 , F , 1 , 1 , NA , NA , 1
 1 , 41 , 13.74942 , 0.4720626 , 0.3493371 , 0.3493371 , 54 , M , 0 , 1 , NA , NA , 1
 1 , 42 , 15.14413 , -0.1483671 , 0.6662369 , 0.6662369 , 57 , F , 0 , 1 , NA , NA , 1
 1 , 43 , 12.63658 , 0.418326 , 0.5558847 , 0.5558847 , 54 , M , 0 , 1 , NA , NA , 1
 1 , 45 , 12.75832 , -0.4960046 , 0.564457 , 0.564457 , 61 , M , 0 , 1 , NA , NA , 1
 1 , 47 , 13.48867 , 0.4459017 , 0.419153 , 0.419153 , 54 , F , 0 , 1 , NA , NA , 1
 1 , 48 , 14.48607 , 0.1261189 , -1.286145 , -1.286145 , 56 , F , 1 , 1 , NA , NA , 1
 1 , 49 , 10.71152 , 0.2575238 , 0.42634 , 0.42634 , 48 , M , 0 , 1 , NA , NA , 1
 1 , 50 , 12.33902 , 0.1983493 , 0.8548086 , 0.8548086 , 67 , M , 0 , 1 , NA , NA , 1
 1 , 52 , 11.39245 , -0.3497356 , -0.8225001 , -0.8225001 , 66 , M , 0 , 1 , NA , NA , 1
 1 , 55 , 16.33394 , 0.1606977 , -2.27155 , -2.27155 , 52 , F , 0 , 1 , NA , NA , 1
 1 , 56 , 11.52737 , 0.4280138 , -1.144226 , -1.144226 , 60 , M , 0 , 1 , NA , NA , 1
 1 , 57 , 12.62444 , -0.6081243 , 0.4354748 , 0.4354748 , 58 , F , 0 , 1 , NA , NA , 1
 1 , 58 , 11.05672 , -0.4102092 , -0.2420062 , -0.2420062 , 56 , M , 0 , 1 , NA , NA , 1
 1 , 60 , 8.587462 , -1.047304 , -0.1386989 , -0.1386989 , 48 , F , 1 , 1 , NA , NA , 1
 1 , 61 , 11.10321 , -0.8650361 , -0.03147833 , -0.03147833 , 54 , F , 1 , 1 , NA , NA , 1
 1 , 62 , 10.08364 , -0.2412652 , 0.4176601 , 0.4176601 , 51 , M , 0 , 1 , NA , NA , 1
 1 , 64 , 9.658828 , -0.8733001 , -0.673211 , -0.673211 , 43 , F , 0 , 1 , NA , NA , 1
 1 , 65 , 10.78686 , -0.4955732 , 0.1247368 , 0.1247368 , 59 , M , 0 , 1 , NA , NA , 1
 1 , 67 , 11.20409 , -0.9767411 , -0.1813758 , -0.1813758 , 51 , M , 0 , 1 , NA , NA , 1
 1 , 68 , 12.06544 , 0.3444436 , 0.1966973 , 0.1966973 , 59 , M , 0 , 1 , NA , NA , 1
 1 , 70 , 14.278 , 0.5720006 , -1.368491 , -1.368491 , 66 , M , 0 , 1 , NA , NA , 1
 1 , 71 , 22.6318 , 0.6256324 , -0.2422092 , -0.2422092 , 0 , M , 0 , 0 , 7 , 37 , 1
 1 , 72 , 21.23837 , -0.5485564 , -0.5143997 , -0.5143997 , 0 , M , 0 , 0 , 8 , 35 , 1
 1 , 73 , 23.25534 , -0.2868519 , -1.943732 , -1.943732 , 0 , F , 0 , 0 , 22 , 19 , 1
 1 , 74 , 26.99705 , 0.2633167 , -0.2397374 , -0.2397374 , 0 , M , 0 , 0 , 29 , 9 , 1
 1 , 75 , 20.07929 , 0.3555336 , -0.9087981 , -0.9087981 , 0 , M , 0 , 0 , 31 , 50 , 1
 1 , 76 , 16.975 , -0.3108531 , 1.492071 , 1.492071 , 0 , F , 0 , 0 , 36 , 13 , 1
 1 , 77 , 21.35929 , -0.2626476 , 0.1545735 , 0.1545735 , 0 , M , 0 , 0 , 38 , 65 , 1
 1 , 78 , 23.32207 , -0.3572321 , -0.3485613 , -0.3485613 , 0 , F , 0 , 0 , 40 , 58 , 1
 1 , 79 , 22.23462 , -0.4103457 , -0.4616912 , -0.4616912 , 0 , F , 0 , 0 , 48 , 19 , 1
 1 , 80 , 18.96565 , -0.3113276 , 1.058858 , 1.058858 , 0 , F , 0 , 0 , 60 , 45 , 1
 1 , 81 , 19.69962 , -0.03426119 , 0.00684524 , 0.00684524 , 0 , F , 0 , 0 , 61 , 45 , 1
 1 , 2 , 9.245292 , -0.7949627 , -2.310464 , -2.310464 , 50 , M , 0 , 0 , NA , NA , 0
 1 , 4 , 10.80716 , -0.1716665 , -0.4405201 , -0.4405201 , 53 , F , 0 , 0 , NA , NA , 0
 1 , 5 , 7.912802 , -0.4692183 , 0.2878306 , 0.2878306 , 60 , M , 0 , 0 , NA , NA , 0
 1 , 14 , 9.276678 , -0.7657839 , 0.2840474 , 0.2840474 , 56 , M , 0 , 0 , NA , NA , 0
 1 , 20 , 10.98654 , 0.171254 , -0.3299891 , -0.3299891 , 60 , F , 0 , 0 , NA , NA , 0
 1 , 21 , 8.753866 , -0.9520472 , -1.66017 , -1.66017 , 56 , M , 0 , 0 , NA , NA , 0
 1 , 23 , 9.061752 , -0.6143358 , -2.353185 , -2.353185 , 66 , M , 0 , 0 , NA , NA , 0
 1 , 30 , 10.87817 , 0.719674 , 0.3927257 , 0.3927257 , 68 , M , 0 , 0 , NA , NA , 0
 1 , 32 , 9.246558 , 0.02698277 , -0.2292317 , -0.2292317 , 59 , M , 0 , 0 , NA , NA , 0
 1 , 33 , 9.918251 , -0.6891378 , 1.123447 , 1.123447 , 55 , M , 0 , 0 , NA , NA , 0
 1 , 34 , 9.719911 , -0.2228491 , -1.319432 , -1.319432 , 56 , F , 0 , 0 , NA , NA , 0
 1 , 44 , 8.12436 , -0.8511496 , -0.2320299 , -0.2320299 , 42 , M , 0 , 0 , NA , NA , 0
 1 , 46 , 8.10894 , -0.5428746 , -1.259605 , -1.259605 , 60 , F , 0 , 0 , NA , NA , 0
 1 , 51 , 11.95733 , 0.580262 , -0.8991356 , -0.8991356 , 73 , F , 0 , 0 , NA , NA , 0
 1 , 53 , 8.333964 , -0.411787 , 1.136906 , 1.136906 , 63 , M , 0 , 0 , NA , NA , 0
 1 , 54 , 9.525539 , 0.3335738 , -0.357241 , -0.357241 , 63 , M , 0 , 0 , NA , NA , 0
 1 , 59 , 9.860017 , -0.01971789 , 0.2968175 , 0.2968175 , 55 , M , 0 , 0 , NA , NA , 0
 1 , 63 , 10.9387 , 1.005526 , -0.01937022 , -0.01937022 , 55 , F , 0 , 0 , NA , NA , 0
 1 , 66 , 9.695444 , -0.5010609 , -0.3939639 , -0.3939639 , 67 , F , 0 , 0 , NA , NA , 0
 1 , 69 , 7.811219 , -1.068365 , -0.2847801 , -0.2847801 , 49 , M , 0 , 0 , NA , NA , 0
 2 , 1 , 12.22957 , -0.219691 , -0.3623777 , -0.3623777 , 68 , F , 1 , 2 , NA , NA , 1
 2 , 3 , 11.31055 , 0.7586034 , 0.7431717 , 0.7431717 , 63 , F , 1 , 2 , NA , NA , 1
 2 , 6 , 16.48444 , 0.2030747 , 0.0121612 , 0.0121612 , 61 , M , 0 , 2 , NA , NA , 1
 2 , 7 , 14.89669 , -0.06619579 , -0.8650552 , -0.8650552 , 63 , F , 1 , 2 , NA , NA , 1
 2 , 8 , 12.55512 , 0.6017662 , 1.127055 , 1.127055 , 54 , F , 0 , 2 , NA , NA , 1
 2 , 9 , 12.62393 , -0.2781131 , -0.5323259 , -0.5323259 , 67 , M , 0 , 2 , NA , NA , 1
 2 , 13 , 13.45115 , -1.726526 , 0.1690823 , 0.1690823 , 66 , M , 0 , 2 , NA , NA , 1
 2 , 15 , 11.70306 , -0.3282145 , -0.4887 , -0.4887 , 68 , M , 0 , 2 , NA , NA , 1
 2 , 17 , 12.8996 , -0.1555666 , 0.205436 , 0.205436 , 61 , M , 0 , 2 , NA , NA , 1
 2 , 18 , 12.15735 , -0.6865841 , 0.864941 , 0.864941 , 70 , M , 0 , 2 , NA , NA , 1
 2 , 19 , 10.0406 , -0.8263739 , -0.662887 , -0.662887 , 64 , M , 0 , 2 , NA , NA , 1
 2 , 22 , 15.26706 , 0.2410221 , -0.3816271 , -0.3816271 , 63 , F , 1 , 2 , NA , NA , 1
 2 , 24 , 14.13681 , -0.1139206 , -0.1179307 , -0.1179307 , 70 , F , 0 , 2 , NA , NA , 1
 2 , 25 , 11.58005 , -0.03642937 , 0.1363437 , 0.1363437 , 69 , M , 0 , 2 , NA , NA , 1
 2 , 26 , 11.2091 , -0.185323 , -0.8725929 , -0.8725929 , 66 , M , 0 , 2 , NA , NA , 1
 2 , 27 , 10.67752 , -0.2167405 , -0.3727349 , -0.3727349 , 50 , F , 0 , 2 , NA , NA , 1
 2 , 31 , 11.3075 , -0.8050657 , -0.8131086 , -0.8131086 , 66 , F , 1 , 2 , NA , NA , 1
 2 , 35 , 14.12939 , 0.005053102 , -0.07232577 , -0.07232577 , 66 , M , 0 , 2 , NA , NA , 1
 2 , 36 , 8.823093 , -0.4368748 , 0.9334473 , 0.9334473 , 60 , F , 1 , 2 , NA , NA , 1
 2 , 37 , 17.6758 , 0.804845 , -0.7036202 , -0.7036202 , 65 , M , 0 , 2 , NA , NA , 1
 2 , 38 , 10.73527 , 0.1646685 , -1.722774 , -1.722774 , 61 , F , 1 , 2 , NA , NA , 1
 2 , 39 , 14.27114 , -0.6556979 , -1.094837 , -1.094837 , 68 , M , 0 , 2 , NA , NA , 1
 2 , 40 , 15.32579 , 0.2577485 , -0.1766367 , -0.1766367 , 72 , F , 1 , 2 , NA , NA , 1
 2 , 41 , 14.73264 , 0.4720626 , 0.3493371 , 0.3493371 , 69 , M , 0 , 2 , NA , NA , 1
 2 , 42 , 16.26761 , -0.1483671 , 0.6662369 , 0.6662369 , 64 , F , 1 , 2 , NA , NA , 1
 2 , 45 , 13.36757 , -0.4960046 , 0.564457 , 0.564457 , 60 , M , 0 , 2 , NA , NA , 1
 2 , 47 , 14.98814 , 0.4459017 , 0.419153 , 0.419153 , 69 , F , 1 , 2 , NA , NA , 1
 2 , 49 , 12.15016 , 0.2575238 , 0.42634 , 0.42634 , 53 , M , 0 , 2 , NA , NA , 1
 2 , 50 , 14.12888 , 0.1983493 , 0.8548086 , 0.8548086 , 54 , M , 0 , 2 , NA , NA , 1
 2 , 52 , 12.38607 , -0.3497356 , -0.8225001 , -0.8225001 , 55 , M , 0 , 2 , NA , NA , 1
 2 , 55 , 18.82921 , 0.1606977 , -2.27155 , -2.27155 , 64 , F , 1 , 2 , NA , NA , 1
 2 , 56 , 14.01759 , 0.4280138 , -1.144226 , -1.144226 , 49 , M , 0 , 2 , NA , NA , 1
 2 , 57 , 12.81964 , -0.6081243 , 0.4354748 , 0.4354748 , 58 , F , 1 , 2 , NA , NA , 1
 2 , 58 , 12.79584 , -0.4102092 , -0.2420062 , -0.2420062 , 62 , M , 0 , 2 , NA , NA , 1
 2 , 60 , 8.89869 , -1.047304 , -0.1386989 , -0.1386989 , 53 , F , 1 , 2 , NA , NA , 1
 2 , 61 , 11.82975 , -0.8650361 , -0.03147833 , -0.03147833 , 49 , F , 1 , 2 , NA , NA , 1
 2 , 62 , 10.82046 , -0.2412652 , 0.4176601 , 0.4176601 , 50 , M , 0 , 2 , NA , NA , 1
 2 , 64 , 9.978661 , -0.8733001 , -0.673211 , -0.673211 , 66 , F , 2 , 2 , NA , NA , 1
 2 , 65 , 12.84206 , -0.4955732 , 0.1247368 , 0.1247368 , 64 , M , 0 , 2 , NA , NA , 1
 2 , 67 , 11.21928 , -0.9767411 , -0.1813758 , -0.1813758 , 48 , M , 0 , 2 , NA , NA , 1
 2 , 70 , 16.99766 , 0.5720006 , -1.368491 , -1.368491 , 61 , M , 0 , 2 , NA , NA , 1
 2 , 72 , 23.27078 , -0.5485564 , -0.5143997 , -0.5143997 , 88 , M , 0 , 1 , 8 , 35 , 1
 2 , 73 , 35.91157 , -0.2868519 , -1.943732 , -1.943732 , 95 , F , 1 , 1 , 22 , 19 , 1
 2 , 74 , 34.31305 , 0.2633167 , -0.2397374 , -0.2397374 , 93 , M , 0 , 1 , 29 , 9 , 1
 2 , 75 , 25.19477 , 0.3555336 , -0.9087981 , -0.9087981 , 83 , M , 0 , 1 , 31 , 50 , 1
 2 , 76 , 22.64804 , -0.3108531 , 1.492071 , 1.492071 , 66 , F , 0 , 1 , 36 , 13 , 1
 2 , 78 , 25.70116 , -0.3572321 , -0.3485613 , -0.3485613 , 86 , F , 0 , 1 , 40 , 58 , 1
 2 , 79 , 22.36015 , -0.4103457 , -0.4616912 , -0.4616912 , 93 , F , 1 , 1 , 48 , 19 , 1
 2 , 80 , 26.14445 , -0.3113276 , 1.058858 , 1.058858 , 82 , F , 1 , 1 , 60 , 45 , 1
 2 , 81 , 27.4072 , -0.03426119 , 0.00684524 , 0.00684524 , 77 , F , 0 , 1 , 61 , 45 , 1
 2 , 82 , 24.36023 , -0.1617028 , -0.3193224 , -0.3193224 , 0 , F , 0 , 0 , 1 , 35 , 1
 2 , 83 , 20.86227 , 0.4779644 , -1.001604 , -1.001604 , 0 , F , 0 , 0 , 3 , 19 , 1
 2 , 84 , 24.32454 , -0.5514181 , -0.6518045 , -0.6518045 , 0 , M , 0 , 0 , 7 , 58 , 1
 2 , 85 , 24.62873 , 0.1008922 , -0.07117868 , -0.07117868 , 0 , F , 0 , 0 , 22 , 25 , 1
 2 , 86 , 21.67587 , 0.4152253 , -1.675085 , -1.675085 , 0 , M , 0 , 0 , 31 , 70 , 1
 2 , 87 , 20.02319 , -0.04027388 , 0.7183837 , 0.7183837 , 0 , F , 0 , 0 , 36 , 52 , 1
 2 , 88 , 21.53893 , 0.8555815 , -1.346569 , -1.346569 , 0 , F , 0 , 0 , 38 , 37 , 1
 2 , 89 , 24.51259 , -0.557422 , -0.1732985 , -0.1732985 , 0 , M , 0 , 0 , 40 , 58 , 1
 2 , 90 , 25.74278 , -0.1905726 , 0.1715383 , 0.1715383 , 0 , F , 0 , 0 , 42 , 52 , 1
 2 , 91 , 26.51247 , 0.1897312 , 0.3698636 , 0.3698636 , 0 , F , 0 , 0 , 47 , 45 , 1
 2 , 92 , 27.14063 , -1.409365 , 0.3268138 , 0.3268138 , 0 , F , 0 , 0 , 55 , 18 , 1
 2 , 93 , 23.91389 , -0.6908605 , -0.5328796 , -0.5328796 , 0 , F , 0 , 0 , 57 , 25 , 1
 2 , 94 , 19.08664 , -1.164902 , 0.7083065 , 0.7083065 , 0 , M , 0 , 0 , 60 , 49 , 1
 2 , 95 , 20.30825 , 0.6087281 , -0.5876274 , -0.5876274 , 0 , F , 0 , 0 , 61 , 37 , 1
 2 , 96 , 18.25444 , -0.9215267 , 0.3327345 , 0.3327345 , 0 , M , 0 , 0 , 64 , 35 , 1
 2 , 97 , 18.91682 , -0.2380898 , -0.5401914 , -0.5401914 , 0 , F , 0 , 0 , 64 , 35 , 1
 2 , 98 , 45.49048 , -0.6333933 , -0.6247834 , -0.6247834 , 0 , M , 0 , 0 , 73 , 9 , 1
 2 , 99 , 32.04871 , 0.1759415 , 0.7560005 , 0.7560005 , 0 , M , 0 , 0 , 79 , 18 , 1
 2 , 100 , 36.80891 , -0.230495 , 0.5339784 , 0.5339784 , 0 , M , 0 , 0 , 80 , 6 , 1
 2 , 10 , 11.84975 , 0.4669591 , -0.08994638 , -0.08994638 , 52 , F , 0 , 1 , NA , NA , 0
 2 , 11 , 11.85817 , 0.6063608 , -0.9320799 , -0.9320799 , 56 , M , 0 , 1 , NA , NA , 0
 2 , 12 , 10.64361 , 0.276213 , -0.5314716 , -0.5314716 , 50 , F , 0 , 1 , NA , NA , 0
 2 , 16 , 14.49235 , 0.564878 , -0.6214229 , -0.6214229 , 58 , F , 0 , 1 , NA , NA , 0
 2 , 28 , 14.34587 , -0.146078 , -2.513186 , -2.513186 , 65 , F , 0 , 1 , NA , NA , 0
 2 , 29 , 16.2837 , 0.480509 , -0.3716682 , -0.3716682 , 75 , F , 1 , 1 , NA , NA , 0
 2 , 43 , 12.63658 , 0.418326 , 0.5558847 , 0.5558847 , 61 , M , 0 , 1 , NA , NA , 0
 2 , 48 , 14.48607 , 0.1261189 , -1.286145 , -1.286145 , 58 , F , 1 , 1 , NA , NA , 0
 2 , 68 , 12.06544 , 0.3444436 , 0.1966973 , 0.1966973 , 66 , M , 0 , 1 , NA , NA , 0
 2 , 71 , 22.6318 , 0.6256324 , -0.2422092 , -0.2422092 , 94 , M , 0 , 0 , 7 , 37 , 0
 2 , 77 , 21.35929 , -0.2626476 , 0.1545735 , 0.1545735 , 73 , M , 0 , 0 , 38 , 65 , 0
 3 , 1 , 13.54891 , -0.219691 , -0.3623777 , -0.3623777 , 41 , F , 0 , 3 , NA , NA , 1
 3 , 3 , 12.23891 , 0.7586034 , 0.7431717 , 0.7431717 , 54 , F , 2 , 3 , NA , NA , 1
 3 , 6 , 18.08441 , 0.2030747 , 0.0121612 , 0.0121612 , 57 , M , 0 , 3 , NA , NA , 1
 3 , 7 , 15.40736 , -0.06619579 , -0.8650552 , -0.8650552 , 59 , F , 0 , 3 , NA , NA , 1
 3 , 8 , 13.94786 , 0.6017662 , 1.127055 , 1.127055 , 57 , F , 1 , 3 , NA , NA , 1
 3 , 9 , 14.03529 , -0.2781131 , -0.5323259 , -0.5323259 , 43 , M , 0 , 3 , NA , NA , 1
 3 , 15 , 11.83629 , -0.3282145 , -0.4887 , -0.4887 , 46 , M , 0 , 3 , NA , NA , 1
 3 , 18 , 12.60906 , -0.6865841 , 0.864941 , 0.864941 , 50 , M , 0 , 3 , NA , NA , 1
 3 , 24 , 14.34763 , -0.1139206 , -0.1179307 , -0.1179307 , 54 , F , 1 , 3 , NA , NA , 1
 3 , 25 , 11.62831 , -0.03642937 , 0.1363437 , 0.1363437 , 42 , M , 0 , 3 , NA , NA , 1
 3 , 26 , 12.54939 , -0.185323 , -0.8725929 , -0.8725929 , 46 , M , 0 , 3 , NA , NA , 1
 3 , 27 , 11.58928 , -0.2167405 , -0.3727349 , -0.3727349 , 44 , F , 1 , 3 , NA , NA , 1
 3 , 35 , 14.40703 , 0.005053102 , -0.07232577 , -0.07232577 , 46 , M , 0 , 3 , NA , NA , 1
 3 , 36 , 9.052329 , -0.4368748 , 0.9334473 , 0.9334473 , 41 , F , 1 , 3 , NA , NA , 1
 3 , 37 , 19.45203 , 0.804845 , -0.7036202 , -0.7036202 , 59 , M , 0 , 3 , NA , NA , 1
 3 , 38 , 10.84571 , 0.1646685 , -1.722774 , -1.722774 , 39 , F , 1 , 3 , NA , NA , 1
 3 , 39 , 14.50945 , -0.6556979 , -1.094837 , -1.094837 , 45 , M , 0 , 3 , NA , NA , 1
 3 , 41 , 15.50561 , 0.4720626 , 0.3493371 , 0.3493371 , 48 , M , 0 , 3 , NA , NA , 1
 3 , 45 , 13.78309 , -0.4960046 , 0.564457 , 0.564457 , 55 , M , 0 , 3 , NA , NA , 1
 3 , 47 , 15.72838 , 0.4459017 , 0.419153 , 0.419153 , 61 , F , 1 , 3 , NA , NA , 1
 3 , 49 , 13.69942 , 0.2575238 , 0.42634 , 0.42634 , 51 , M , 0 , 3 , NA , NA , 1
 3 , 55 , 20.19415 , 0.1606977 , -2.27155 , -2.27155 , 58 , F , 1 , 3 , NA , NA , 1
 3 , 57 , 13.12916 , -0.6081243 , 0.4354748 , 0.4354748 , 45 , F , 1 , 3 , NA , NA , 1
 3 , 60 , 9.123626 , -1.047304 , -0.1386989 , -0.1386989 , 33 , F , 0 , 3 , NA , NA , 1
 3 , 62 , 11.32877 , -0.2412652 , 0.4176601 , 0.4176601 , 49 , M , 0 , 3 , NA , NA , 1
 3 , 64 , 9.949223 , -0.8733001 , -0.673211 , -0.673211 , 35 , F , 1 , 3 , NA , NA , 1
 3 , 70 , 18.3055 , 0.5720006 , -1.368491 , -1.368491 , 51 , M , 0 , 3 , NA , NA , 1
 3 , 73 , 38.41548 , -0.2868519 , -1.943732 , -1.943732 , 91 , F , 1 , 2 , 22 , 19 , 1
 3 , 74 , 37.12352 , 0.2633167 , -0.2397374 , -0.2397374 , 93 , M , 0 , 2 , 29 , 9 , 1
 3 , 75 , 26.95527 , 0.3555336 , -0.9087981 , -0.9087981 , 69 , M , 0 , 2 , 31 , 50 , 1
 3 , 76 , 24.45266 , -0.3108531 , 1.492071 , 1.492071 , 57 , F , 2 , 2 , 36 , 13 , 1
 3 , 78 , 25.35009 , -0.3572321 , -0.3485613 , -0.3485613 , 70 , F , 0 , 2 , 40 , 58 , 1
 3 , 79 , 25.8666 , -0.4103457 , -0.4616912 , -0.4616912 , 59 , F , 1 , 2 , 48 , 19 , 1
 3 , 80 , 31.46145 , -0.3113276 , 1.058858 , 1.058858 , 65 , F , 1 , 2 , 60 , 45 , 1
 3 , 81 , 32.36903 , -0.03426119 , 0.00684524 , 0.00684524 , 82 , F , 0 , 2 , 61 , 45 , 1
 3 , 84 , 29.57405 , -0.5514181 , -0.6518045 , -0.6518045 , 75 , M , 0 , 1 , 7 , 58 , 1
 3 , 86 , 30.05887 , 0.4152253 , -1.675085 , -1.675085 , 72 , M , 0 , 1 , 31 , 70 , 1
 3 , 87 , 19.45054 , -0.04027388 , 0.7183837 , 0.7183837 , 64 , F , 1 , 1 , 36 , 52 , 1
 3 , 88 , 29.33388 , 0.8555815 , -1.346569 , -1.346569 , 60 , F , 1 , 1 , 38 , 37 , 1
 3 , 89 , 31.41331 , -0.557422 , -0.1732985 , -0.1732985 , 76 , M , 0 , 1 , 40 , 58 , 1
 3 , 90 , 35.42224 , -0.1905726 , 0.1715383 , 0.1715383 , 79 , F , 0 , 1 , 42 , 52 , 1
 3 , 91 , 34.1362 , 0.1897312 , 0.3698636 , 0.3698636 , 68 , F , 1 , 1 , 47 , 45 , 1
 3 , 92 , 31.64011 , -1.409365 , 0.3268138 , 0.3268138 , 66 , F , 0 , 1 , 55 , 18 , 1
 3 , 93 , 32.70653 , -0.6908605 , -0.5328796 , -0.5328796 , 59 , F , 1 , 1 , 57 , 25 , 1
 3 , 94 , 24.29559 , -1.164902 , 0.7083065 , 0.7083065 , 60 , M , 0 , 1 , 60 , 49 , 1
 3 , 98 , 48.61518 , -0.6333933 , -0.6247834 , -0.6247834 , 109 , M , 0 , 1 , 73 , 9 , 1
 3 , 99 , 41.09492 , 0.1759415 , 0.7560005 , 0.7560005 , 90 , M , 0 , 1 , 79 , 18 , 1
 3 , 100 , 52.1092 , -0.230495 , 0.5339784 , 0.5339784 , 93 , M , 0 , 1 , 80 , 6 , 1
 3 , 101 , 21.16987 , -0.3065918 , 0.7887296 , 0.7887296 , 0 , M , 0 , 0 , 3 , 94 , 1
 3 , 102 , 22.48472 , 0.2975155 , 0.09918058 , 0.09918058 , 0 , F , 0 , 0 , 3 , 94 , 1
 3 , 103 , 25.11938 , 0.2655906 , -0.5778482 , -0.5778482 , 0 , F , 0 , 0 , 8 , 86 , 1
 3 , 104 , 24.60038 , -0.7844257 , 1.297157 , 1.297157 , 0 , M , 0 , 0 , 24 , 39 , 1
 3 , 105 , 20.64803 , -0.3601743 , -0.09508449 , -0.09508449 , 0 , M , 0 , 0 , 27 , 25 , 1
 3 , 106 , 17.83183 , -0.5890944 , 0.2644738 , 0.2644738 , 0 , F , 0 , 0 , 36 , 39 , 1
 3 , 107 , 19.01713 , -0.5313543 , -1.093284 , -1.093284 , 0 , F , 0 , 0 , 38 , 15 , 1
 3 , 108 , 25.95273 , 0.5746887 , 0.1636094 , 0.1636094 , 0 , M , 0 , 0 , 47 , 25 , 1
 3 , 109 , 30.71529 , -0.02950006 , -2.228536 , -2.228536 , 0 , M , 0 , 0 , 55 , 35 , 1
 3 , 110 , 24.62181 , -0.01290658 , -0.6559914 , -0.6559914 , 0 , M , 0 , 0 , 57 , 70 , 1
 3 , 111 , 18.97572 , -0.7522706 , -1.136514 , -1.136514 , 0 , M , 0 , 0 , 64 , 84 , 1
 3 , 112 , 45.68562 , -0.7177049 , -0.4161795 , -0.4161795 , 0 , M , 0 , 0 , 73 , 99 , 1
 3 , 113 , 32.04417 , 0.17231 , 1.194555 , 1.194555 , 0 , M , 0 , 0 , 76 , 98 , 1
 3 , 114 , 33.61579 , 0.1756164 , 1.033401 , 1.033401 , 0 , M , 0 , 0 , 76 , 98 , 1
 3 , 115 , 36.75964 , 0.02289685 , 0.3312081 , 0.3312081 , 0 , F , 0 , 0 , 79 , 49 , 1
 3 , 116 , 40.4907 , 0.09952457 , 1.114712 , 1.114712 , 0 , M , 0 , 0 , 80 , 99 , 1
 3 , 117 , 29.5845 , 0.07904167 , 0.2552727 , 0.2552727 , 0 , M , 0 , 0 , 87 , 99 , 1
 3 , 118 , 38.23153 , 0.9743126 , -1.645816 , -1.645816 , 0 , M , 0 , 0 , 88 , 70 , 1
 3 , 119 , 42.24592 , -0.5274964 , 0.3360424 , 0.3360424 , 0 , M , 0 , 0 , 91 , 94 , 1
 3 , 120 , 41.1468 , -0.1409601 , 0.56134 , 0.56134 , 0 , F , 0 , 0 , 93 , 99 , 1
 3 , 13 , 13.45115 , -1.726526 , 0.1690823 , 0.1690823 , 56 , M , 0 , 2 , NA , NA , 0
 3 , 17 , 12.8996 , -0.1555666 , 0.205436 , 0.205436 , 55 , M , 0 , 2 , NA , NA , 0
 3 , 19 , 10.0406 , -0.8263739 , -0.662887 , -0.662887 , 43 , M , 0 , 2 , NA , NA , 0
 3 , 22 , 15.26706 , 0.2410221 , -0.3816271 , -0.3816271 , 53 , F , 1 , 2 , NA , NA , 0
 3 , 31 , 11.3075 , -0.8050657 , -0.8131086 , -0.8131086 , 38 , F , 1 , 2 , NA , NA , 0
 3 , 40 , 15.32579 , 0.2577485 , -0.1766367 , -0.1766367 , 55 , F , 1 , 2 , NA , NA , 0
 3 , 42 , 16.26761 , -0.1483671 , 0.6662369 , 0.6662369 , 48 , F , 1 , 2 , NA , NA , 0
 3 , 50 , 14.12888 , 0.1983493 , 0.8548086 , 0.8548086 , 47 , M , 0 , 2 , NA , NA , 0
 3 , 52 , 12.38607 , -0.3497356 , -0.8225001 , -0.8225001 , 56 , M , 0 , 2 , NA , NA , 0
 3 , 56 , 14.01759 , 0.4280138 , -1.144226 , -1.144226 , 55 , M , 0 , 2 , NA , NA , 0
 3 , 58 , 12.79584 , -0.4102092 , -0.2420062 , -0.2420062 , 42 , M , 0 , 2 , NA , NA , 0
 3 , 61 , 11.82975 , -0.8650361 , -0.03147833 , -0.03147833 , 41 , F , 1 , 2 , NA , NA , 0
 3 , 65 , 12.84206 , -0.4955732 , 0.1247368 , 0.1247368 , 41 , M , 0 , 2 , NA , NA , 0
 3 , 67 , 11.21928 , -0.9767411 , -0.1813758 , -0.1813758 , 52 , M , 0 , 2 , NA , NA , 0
 3 , 72 , 23.27078 , -0.5485564 , -0.5143997 , -0.5143997 , 71 , M , 0 , 1 , 8 , 35 , 0
 3 , 82 , 24.36023 , -0.1617028 , -0.3193224 , -0.3193224 , 75 , F , 0 , 0 , 1 , 35 , 0
 3 , 83 , 20.86227 , 0.4779644 , -1.001604 , -1.001604 , 66 , F , 0 , 0 , 3 , 19 , 0
 3 , 85 , 24.62873 , 0.1008922 , -0.07117868 , -0.07117868 , 69 , F , 0 , 0 , 22 , 25 , 0
 3 , 95 , 20.30825 , 0.6087281 , -0.5876274 , -0.5876274 , 57 , F , 0 , 0 , 61 , 37 , 0
 3 , 96 , 18.25444 , -0.9215267 , 0.3327345 , 0.3327345 , 59 , M , 0 , 0 , 64 , 35 , 0
 3 , 97 , 18.91682 , -0.2380898 , -0.5401914 , -0.5401914 , 57 , F , 0 , 0 , 64 , 35 , 0
 4 , 3 , 12.32009 , 0.7586034 , 0.7431717 , 0.7431717 , 37 , F , 1 , 4 , NA , NA , 1
 4 , 6 , 19.73316 , 0.2030747 , 0.0121612 , 0.0121612 , 56 , M , 0 , 4 , NA , NA , 1
 4 , 7 , 15.92748 , -0.06619579 , -0.8650552 , -0.8650552 , 41 , F , 1 , 4 , NA , NA , 1
 4 , 8 , 14.70607 , 0.6017662 , 1.127055 , 1.127055 , 38 , F , 1 , 4 , NA , NA , 1
 4 , 18 , 13.01647 , -0.6865841 , 0.864941 , 0.864941 , 48 , M , 0 , 4 , NA , NA , 1
 4 , 24 , 15.34685 , -0.1139206 , -0.1179307 , -0.1179307 , 42 , F , 1 , 4 , NA , NA , 1
 4 , 26 , 13.1242 , -0.185323 , -0.8725929 , -0.8725929 , 35 , M , 0 , 4 , NA , NA , 1
 4 , 35 , 14.40776 , 0.005053102 , -0.07232577 , -0.07232577 , 49 , M , 0 , 4 , NA , NA , 1
 4 , 38 , 11.37765 , 0.1646685 , -1.722774 , -1.722774 , 33 , F , 1 , 4 , NA , NA , 1
 4 , 39 , 14.48161 , -0.6556979 , -1.094837 , -1.094837 , 43 , M , 0 , 4 , NA , NA , 1
 4 , 47 , 15.74191 , 0.4459017 , 0.419153 , 0.419153 , 53 , F , 0 , 4 , NA , NA , 1
 4 , 55 , 21.19257 , 0.1606977 , -2.27155 , -2.27155 , 54 , F , 1 , 4 , NA , NA , 1
 4 , 57 , 13.85639 , -0.6081243 , 0.4354748 , 0.4354748 , 47 , F , 1 , 4 , NA , NA , 1
 4 , 62 , 11.84862 , -0.2412652 , 0.4176601 , 0.4176601 , 38 , M , 0 , 4 , NA , NA , 1
 4 , 73 , 41.67665 , -0.2868519 , -1.943732 , -1.943732 , 81 , F , 0 , 3 , 22 , 19 , 1
 4 , 74 , 37.23235 , 0.2633167 , -0.2397374 , -0.2397374 , 78 , M , 0 , 3 , 29 , 9 , 1
 4 , 75 , 31.66459 , 0.3555336 , -0.9087981 , -0.9087981 , 56 , M , 0 , 3 , 31 , 50 , 1
 4 , 76 , 28.41351 , -0.3108531 , 1.492071 , 1.492071 , 62 , F , 1 , 3 , 36 , 13 , 1
 4 , 79 , 27.31983 , -0.4103457 , -0.4616912 , -0.4616912 , 67 , F , 1 , 3 , 48 , 19 , 1
 4 , 80 , 33.28008 , -0.3113276 , 1.058858 , 1.058858 , 68 , F , 1 , 3 , 60 , 45 , 1
 4 , 81 , 34.60369 , -0.03426119 , 0.00684524 , 0.00684524 , 67 , F , 1 , 3 , 61 , 45 , 1
 4 , 84 , 33.74754 , -0.5514181 , -0.6518045 , -0.6518045 , 74 , M , 0 , 2 , 7 , 58 , 1
 4 , 86 , 33.41736 , 0.4152253 , -1.675085 , -1.675085 , 65 , M , 0 , 2 , 31 , 70 , 1
 4 , 87 , 20.4943 , -0.04027388 , 0.7183837 , 0.7183837 , 51 , F , 2 , 2 , 36 , 52 , 1
 4 , 88 , 31.86453 , 0.8555815 , -1.346569 , -1.346569 , 60 , F , 1 , 2 , 38 , 37 , 1
 4 , 90 , 33.88622 , -0.1905726 , 0.1715383 , 0.1715383 , 79 , F , 1 , 2 , 42 , 52 , 1
 4 , 91 , 37.84611 , 0.1897312 , 0.3698636 , 0.3698636 , 77 , F , 1 , 2 , 47 , 45 , 1
 4 , 92 , 35.01613 , -1.409365 , 0.3268138 , 0.3268138 , 76 , F , 0 , 2 , 55 , 18 , 1
 4 , 93 , 35.38524 , -0.6908605 , -0.5328796 , -0.5328796 , 66 , F , 1 , 2 , 57 , 25 , 1
 4 , 94 , 25.41295 , -1.164902 , 0.7083065 , 0.7083065 , 65 , M , 0 , 2 , 60 , 49 , 1
 4 , 98 , 52.37061 , -0.6333933 , -0.6247834 , -0.6247834 , 89 , M , 0 , 2 , 73 , 9 , 1
 4 , 99 , 47.48502 , 0.1759415 , 0.7560005 , 0.7560005 , 87 , M , 0 , 2 , 79 , 18 , 1
 4 , 100 , 59.37131 , -0.230495 , 0.5339784 , 0.5339784 , 103 , M , 0 , 2 , 80 , 6 , 1
 4 , 101 , 25.67779 , -0.3065918 , 0.7887296 , 0.7887296 , 52 , M , 0 , 1 , 3 , 94 , 1
 4 , 103 , 30.06991 , 0.2655906 , -0.5778482 , -0.5778482 , 59 , F , 0 , 1 , 8 , 86 , 1
 4 , 105 , 23.67035 , -0.3601743 , -0.09508449 , -0.09508449 , 55 , M , 0 , 1 , 27 , 25 , 1
 4 , 106 , 18.29105 , -0.5890944 , 0.2644738 , 0.2644738 , 43 , F , 2 , 1 , 36 , 39 , 1
 4 , 107 , 18.74245 , -0.5313543 , -1.093284 , -1.093284 , 46 , F , 1 , 1 , 38 , 15 , 1
 4 , 108 , 30.85413 , 0.5746887 , 0.1636094 , 0.1636094 , 57 , M , 0 , 1 , 47 , 25 , 1
 4 , 109 , 37.33743 , -0.02950006 , -2.228536 , -2.228536 , 74 , M , 0 , 1 , 55 , 35 , 1
 4 , 110 , 31.48133 , -0.01290658 , -0.6559914 , -0.6559914 , 56 , M , 0 , 1 , 57 , 70 , 1
 4 , 111 , 20.42663 , -0.7522706 , -1.136514 , -1.136514 , 45 , M , 0 , 1 , 64 , 84 , 1
 4 , 112 , 62.41863 , -0.7177049 , -0.4161795 , -0.4161795 , 95 , M , 0 , 1 , 73 , 99 , 1
 4 , 113 , 41.2259 , 0.17231 , 1.194555 , 1.194555 , 76 , M , 0 , 1 , 76 , 98 , 1
 4 , 114 , 40.88417 , 0.1756164 , 1.033401 , 1.033401 , 67 , M , 0 , 1 , 76 , 98 , 1
 4 , 115 , 40.65887 , 0.02289685 , 0.3312081 , 0.3312081 , 73 , F , 1 , 1 , 79 , 49 , 1
 4 , 116 , 46.75314 , 0.09952457 , 1.114712 , 1.114712 , 79 , M , 0 , 1 , 80 , 99 , 1
 4 , 117 , 31.41587 , 0.07904167 , 0.2552727 , 0.2552727 , 74 , M , 0 , 1 , 87 , 99 , 1
 4 , 118 , 48.22914 , 0.9743126 , -1.645816 , -1.645816 , 83 , M , 0 , 1 , 88 , 70 , 1
 4 , 120 , 60.50048 , -0.1409601 , 0.56134 , 0.56134 , 84 , F , 0 , 1 , 93 , 99 , 1
 4 , 121 , 23.85336 , 0.5485808 , 0.9303614 , 0.9303614 , 0 , M , 0 , 0 , 3 , 110 , 1
 4 , 122 , 26.50363 , -0.6867493 , -1.518955 , -1.518955 , 0 , M , 0 , 0 , 7 , 26 , 1
 4 , 123 , 23.08546 , -0.8243307 , 1.045246 , 1.045246 , 0 , M , 0 , 0 , 8 , 94 , 1
 4 , 124 , 22.59335 , -0.8501123 , -0.5843994 , -0.5843994 , 0 , F , 0 , 0 , 24 , 26 , 1
 4 , 125 , 22.27243 , 0.3578309 , -0.4233014 , -0.4233014 , 0 , F , 0 , 0 , 38 , 112 , 1
 4 , 126 , 30.28534 , -0.5207904 , -0.903253 , -0.903253 , 0 , F , 0 , 0 , 55 , 112 , 1
 4 , 127 , 23.05265 , -0.5730047 , -0.6839632 , -0.6839632 , 0 , M , 0 , 0 , 57 , 84 , 1
 4 , 128 , 40.87467 , -0.5578937 , 0.4943783 , 0.4943783 , 0 , F , 0 , 0 , 76 , 39 , 1
 4 , 129 , 35.9241 , -0.1876492 , 0.2790343 , 0.2790343 , 0 , M , 0 , 0 , 79 , 62 , 1
 4 , 130 , 41.45076 , -1.508143 , -0.789073 , -0.789073 , 0 , F , 0 , 0 , 80 , 84 , 1
 4 , 131 , 41.44036 , -1.217951 , 0.4440007 , 0.4440007 , 0 , M , 0 , 0 , 81 , 100 , 1
 4 , 132 , 29.52406 , -0.3514167 , 0.1337635 , 0.1337635 , 0 , F , 0 , 0 , 87 , 94 , 1
 4 , 133 , 27.84381 , -0.6264268 , 0.7664318 , 0.7664318 , 0 , F , 0 , 0 , 87 , 94 , 1
 4 , 134 , 43.66477 , 0.7744644 , -2.510729 , -2.510729 , 0 , F , 0 , 0 , 88 , 98 , 1
 4 , 135 , 42.39011 , -0.2041783 , -1.203749 , -1.203749 , 0 , F , 0 , 0 , 90 , 100 , 1
 4 , 136 , 47.00308 , 0.3506728 , 0.4300552 , 0.4300552 , 0 , F , 0 , 0 , 91 , 101 , 1
 4 , 137 , 45.59125 , -0.2480313 , -0.4983855 , -0.4983855 , 0 , M , 0 , 0 , 93 , 111 , 1
 4 , 138 , 26.92221 , 0.02216726 , 1.521745 , 1.521745 , 0 , F , 0 , 0 , 106 , 98 , 1
 4 , 139 , 28.50927 , -0.09322726 , -1.160245 , -1.160245 , 0 , F , 0 , 0 , 106 , 98 , 1
 4 , 140 , 27.81759 , -0.3969503 , -1.646871 , -1.646871 , 0 , M , 0 , 0 , 107 , 112 , 1
 4 , 141 , 50.3171 , -0.2095526 , 0.941854 , 0.941854 , 0 , M , 0 , 0 , 115 , 18 , 1
 4 , 1 , 13.54891 , -0.219691 , -0.3623777 , -0.3623777 , 40 , F , 0 , 3 , NA , NA , 0
 4 , 9 , 14.03529 , -0.2781131 , -0.5323259 , -0.5323259 , 38 , M , 0 , 3 , NA , NA , 0
 4 , 15 , 11.83629 , -0.3282145 , -0.4887 , -0.4887 , 39 , M , 0 , 3 , NA , NA , 0
 4 , 25 , 11.62831 , -0.03642937 , 0.1363437 , 0.1363437 , 40 , M , 0 , 3 , NA , NA , 0
 4 , 27 , 11.58928 , -0.2167405 , -0.3727349 , -0.3727349 , 44 , F , 1 , 3 , NA , NA , 0
 4 , 36 , 9.052329 , -0.4368748 , 0.9334473 , 0.9334473 , 42 , F , 1 , 3 , NA , NA , 0
 4 , 37 , 19.45203 , 0.804845 , -0.7036202 , -0.7036202 , 47 , M , 0 , 3 , NA , NA , 0
 4 , 41 , 15.50561 , 0.4720626 , 0.3493371 , 0.3493371 , 45 , M , 0 , 3 , NA , NA , 0
 4 , 45 , 13.78309 , -0.4960046 , 0.564457 , 0.564457 , 50 , M , 0 , 3 , NA , NA , 0
 4 , 49 , 13.69942 , 0.2575238 , 0.42634 , 0.42634 , 44 , M , 0 , 3 , NA , NA , 0
 4 , 60 , 9.123626 , -1.047304 , -0.1386989 , -0.1386989 , 39 , F , 0 , 3 , NA , NA , 0
 4 , 64 , 9.949223 , -0.8733001 , -0.673211 , -0.673211 , 33 , F , 1 , 3 , NA , NA , 0
 4 , 70 , 18.3055 , 0.5720006 , -1.368491 , -1.368491 , 57 , M , 0 , 3 , NA , NA , 0
 4 , 78 , 25.35009 , -0.3572321 , -0.3485613 , -0.3485613 , 64 , F , 0 , 2 , 40 , 58 , 0
 4 , 89 , 31.41331 , -0.557422 , -0.1732985 , -0.1732985 , 67 , M , 0 , 1 , 40 , 58 , 0
 4 , 102 , 22.48472 , 0.2975155 , 0.09918058 , 0.09918058 , 63 , F , 0 , 0 , 3 , 94 , 0
 4 , 104 , 24.60038 , -0.7844257 , 1.297157 , 1.297157 , 55 , M , 0 , 0 , 24 , 39 , 0
 4 , 119 , 42.24592 , -0.5274964 , 0.3360424 , 0.3360424 , 91 , M , 0 , 0 , 91 , 94 , 0
 5 , 7 , 16.32975 , -0.06619579 , -0.8650552 , -0.8650552 , 40 , F , 1 , 5 , NA , NA , 1
 5 , 8 , 14.65906 , 0.6017662 , 1.127055 , 1.127055 , 35 , F , 2 , 5 , NA , NA , 1
 5 , 18 , 13.34398 , -0.6865841 , 0.864941 , 0.864941 , 32 , M , 0 , 5 , NA , NA , 1
 5 , 26 , 13.12374 , -0.185323 , -0.8725929 , -0.8725929 , 32 , M , 0 , 5 , NA , NA , 1
 5 , 38 , 10.63929 , 0.1646685 , -1.722774 , -1.722774 , 28 , F , 1 , 5 , NA , NA , 1
 5 , 39 , 15.25986 , -0.6556979 , -1.094837 , -1.094837 , 40 , M , 0 , 5 , NA , NA , 1
 5 , 47 , 15.7387 , 0.4459017 , 0.419153 , 0.419153 , 41 , F , 2 , 5 , NA , NA , 1
 5 , 55 , 22.05364 , 0.1606977 , -2.27155 , -2.27155 , 41 , F , 1 , 5 , NA , NA , 1
 5 , 57 , 14.05343 , -0.6081243 , 0.4354748 , 0.4354748 , 37 , F , 1 , 5 , NA , NA , 1
 5 , 62 , 11.44933 , -0.2412652 , 0.4176601 , 0.4176601 , 30 , M , 0 , 5 , NA , NA , 1
 5 , 73 , 45.03573 , -0.2868519 , -1.943732 , -1.943732 , 70 , F , 1 , 4 , 22 , 19 , 1
 5 , 74 , 39.51766 , 0.2633167 , -0.2397374 , -0.2397374 , 66 , M , 0 , 4 , 29 , 9 , 1
 5 , 75 , 34.66785 , 0.3555336 , -0.9087981 , -0.9087981 , 52 , M , 0 , 4 , 31 , 50 , 1
 5 , 76 , 30.61503 , -0.3108531 , 1.492071 , 1.492071 , 52 , F , 1 , 4 , 36 , 13 , 1
 5 , 79 , 28.38221 , -0.4103457 , -0.4616912 , -0.4616912 , 58 , F , 1 , 4 , 48 , 19 , 1
 5 , 81 , 37.40133 , -0.03426119 , 0.00684524 , 0.00684524 , 63 , F , 1 , 4 , 61 , 45 , 1
 5 , 84 , 34.55914 , -0.5514181 , -0.6518045 , -0.6518045 , 61 , M , 0 , 3 , 7 , 58 , 1
 5 , 86 , 35.71994 , 0.4152253 , -1.675085 , -1.675085 , 58 , M , 0 , 3 , 31 , 70 , 1
 5 , 88 , 33.63449 , 0.8555815 , -1.346569 , -1.346569 , 60 , F , 0 , 3 , 38 , 37 , 1
 5 , 90 , 36.7263 , -0.1905726 , 0.1715383 , 0.1715383 , 59 , F , 1 , 3 , 42 , 52 , 1
 5 , 91 , 41.44431 , 0.1897312 , 0.3698636 , 0.3698636 , 71 , F , 1 , 3 , 47 , 45 , 1
 5 , 92 , 38.79769 , -1.409365 , 0.3268138 , 0.3268138 , 59 , F , 0 , 3 , 55 , 18 , 1
 5 , 93 , 38.46851 , -0.6908605 , -0.5328796 , -0.5328796 , 62 , F , 1 , 3 , 57 , 25 , 1
 5 , 94 , 25.47936 , -1.164902 , 0.7083065 , 0.7083065 , 45 , M , 0 , 3 , 60 , 49 , 1
 5 , 98 , 53.8888 , -0.6333933 , -0.6247834 , -0.6247834 , 88 , M , 0 , 3 , 73 , 9 , 1
 5 , 99 , 53.62762 , 0.1759415 , 0.7560005 , 0.7560005 , 71 , M , 0 , 3 , 79 , 18 , 1
 5 , 100 , 65.49932 , -0.230495 , 0.5339784 , 0.5339784 , 97 , M , 0 , 3 , 80 , 6 , 1
 5 , 101 , 27.16455 , -0.3065918 , 0.7887296 , 0.7887296 , 50 , M , 0 , 2 , 3 , 94 , 1
 5 , 103 , 29.78135 , 0.2655906 , -0.5778482 , -0.5778482 , 56 , F , 1 , 2 , 8 , 86 , 1
 5 , 105 , 25.17848 , -0.3601743 , -0.09508449 , -0.09508449 , 47 , M , 0 , 2 , 27 , 25 , 1
 5 , 107 , 20.74469 , -0.5313543 , -1.093284 , -1.093284 , 46 , F , 1 , 2 , 38 , 15 , 1
 5 , 108 , 33.6818 , 0.5746887 , 0.1636094 , 0.1636094 , 60 , M , 0 , 2 , 47 , 25 , 1
 5 , 109 , 36.32077 , -0.02950006 , -2.228536 , -2.228536 , 62 , M , 0 , 2 , 55 , 35 , 1
 5 , 110 , 36.82795 , -0.01290658 , -0.6559914 , -0.6559914 , 55 , M , 0 , 2 , 57 , 70 , 1
 5 , 111 , 22.17894 , -0.7522706 , -1.136514 , -1.136514 , 38 , M , 0 , 2 , 64 , 84 , 1
 5 , 112 , 73.10553 , -0.7177049 , -0.4161795 , -0.4161795 , 96 , M , 0 , 2 , 73 , 99 , 1
 5 , 113 , 48.55844 , 0.17231 , 1.194555 , 1.194555 , 71 , M , 0 , 2 , 76 , 98 , 1
 5 , 114 , 46.68465 , 0.1756164 , 1.033401 , 1.033401 , 64 , M , 0 , 2 , 76 , 98 , 1
 5 , 117 , 33.71658 , 0.07904167 , 0.2552727 , 0.2552727 , 59 , M , 0 , 2 , 87 , 99 , 1
 5 , 118 , 57.48992 , 0.9743126 , -1.645816 , -1.645816 , 78 , M , 0 , 2 , 88 , 70 , 1
 5 , 120 , 65.59402 , -0.1409601 , 0.56134 , 0.56134 , 93 , F , 1 , 2 , 93 , 99 , 1
 5 , 121 , 27.62033 , 0.5485808 , 0.9303614 , 0.9303614 , 44 , M , 0 , 1 , 3 , 110 , 1
 5 , 123 , 25.32628 , -0.8243307 , 1.045246 , 1.045246 , 49 , M , 0 , 1 , 8 , 94 , 1
 5 , 124 , 29.08152 , -0.8501123 , -0.5843994 , -0.5843994 , 44 , F , 1 , 1 , 24 , 26 , 1
 5 , 125 , 22.67526 , 0.3578309 , -0.4233014 , -0.4233014 , 43 , F , 1 , 1 , 38 , 112 , 1
 5 , 128 , 47.35139 , -0.5578937 , 0.4943783 , 0.4943783 , 66 , F , 2 , 1 , 76 , 39 , 1
 5 , 129 , 38.48558 , -0.1876492 , 0.2790343 , 0.2790343 , 62 , M , 0 , 1 , 79 , 62 , 1
 5 , 130 , 44.82055 , -1.508143 , -0.789073 , -0.789073 , 74 , F , 1 , 1 , 80 , 84 , 1
 5 , 131 , 56.10785 , -1.217951 , 0.4440007 , 0.4440007 , 70 , M , 0 , 1 , 81 , 100 , 1
 5 , 132 , 31.40802 , -0.3514167 , 0.1337635 , 0.1337635 , 59 , F , 1 , 1 , 87 , 94 , 1
 5 , 133 , 32.69681 , -0.6264268 , 0.7664318 , 0.7664318 , 48 , F , 2 , 1 , 87 , 94 , 1
 5 , 134 , 48.89207 , 0.7744644 , -2.510729 , -2.510729 , 69 , F , 1 , 1 , 88 , 98 , 1
 5 , 135 , 50.83947 , -0.2041783 , -1.203749 , -1.203749 , 68 , F , 1 , 1 , 90 , 100 , 1
 5 , 136 , 53.97823 , 0.3506728 , 0.4300552 , 0.4300552 , 71 , F , 0 , 1 , 91 , 101 , 1
 5 , 139 , 29.95469 , -0.09322726 , -1.160245 , -1.160245 , 58 , F , 0 , 1 , 106 , 98 , 1
 5 , 140 , 29.82369 , -0.3969503 , -1.646871 , -1.646871 , 48 , M , 0 , 1 , 107 , 112 , 1
 5 , 141 , 57.42815 , -0.2095526 , 0.941854 , 0.941854 , 81 , M , 0 , 1 , 115 , 18 , 1
 5 , 142 , 26.47542 , 0.1443727 , 0.675977 , 0.675977 , 0 , M , 0 , 0 , 7 , 113 , 1
 5 , 143 , 23.61669 , 1.175015 , -0.9150815 , -0.9150815 , 0 , F , 0 , 0 , 8 , 118 , 1
 5 , 144 , 24.88872 , 1.16427 , -0.01826712 , -0.01826712 , 0 , M , 0 , 0 , 8 , 118 , 1
 5 , 145 , 20.107 , 0.109463 , 0.241267 , 0.241267 , 0 , F , 0 , 0 , 38 , 113 , 1
 5 , 146 , 24.15045 , -0.3983992 , -1.548698 , -1.548698 , 0 , M , 0 , 0 , 47 , 111 , 1
 5 , 147 , 25.62296 , 0.2973204 , -0.7983589 , -0.7983589 , 0 , M , 0 , 0 , 47 , 111 , 1
 5 , 148 , 31.30442 , 0.09533151 , 0.447504 , 0.447504 , 0 , M , 0 , 0 , 55 , 105 , 1
 5 , 149 , 24.06215 , -0.3549301 , 0.9101446 , 0.9101446 , 0 , M , 0 , 0 , 57 , 117 , 1
 5 , 150 , 55.52281 , -0.5947482 , 0.4326533 , 0.4326533 , 0 , F , 0 , 0 , 73 , 112 , 1
 5 , 151 , 40.74864 , 0.3611622 , 0.9517688 , 0.9517688 , 0 , F , 0 , 0 , 76 , 62 , 1
 5 , 152 , 36.70497 , -0.1341775 , -1.148547 , -1.148547 , 0 , M , 0 , 0 , 79 , 84 , 1
 5 , 153 , 44.31847 , -0.4449034 , -0.06707829 , -0.06707829 , 0 , F , 0 , 0 , 81 , 109 , 1
 5 , 154 , 44.28111 , -0.3305688 , 0.1353589 , 0.1353589 , 0 , F , 0 , 0 , 90 , 39 , 1
 5 , 155 , 51.98642 , -0.1327266 , 1.060104 , 1.060104 , 0 , M , 0 , 0 , 91 , 114 , 1
 5 , 156 , 47.17636 , -0.7760003 , -1.333488 , -1.333488 , 0 , M , 0 , 0 , 93 , 74 , 1
 5 , 157 , 39.07077 , 0.3622754 , -2.256186 , -2.256186 , 0 , F , 0 , 0 , 103 , 140 , 1
 5 , 158 , 31.60411 , -0.1713147 , -0.01500095 , -0.01500095 , 0 , M , 0 , 0 , 107 , 129 , 1
 5 , 159 , 75.11883 , 0.08947271 , 0.07124868 , 0.07124868 , 0 , M , 0 , 0 , 120 , 86 , 1
 5 , 160 , 40.13412 , 1.085451 , -2.433407 , -2.433407 , 0 , F , 0 , 0 , 124 , 118 , 1
 5 , 161 , 34.06139 , -0.07749377 , 1.420226 , 1.420226 , 0 , F , 0 , 0 , 125 , 114 , 1
 5 , 162 , 55.59854 , -0.6201108 , -2.319589 , -2.319589 , 0 , F , 0 , 0 , 128 , 111 , 1
 5 , 163 , 55.40307 , -0.5673801 , -1.360488 , -1.360488 , 0 , M , 0 , 0 , 128 , 111 , 1
 5 , 164 , 54.89712 , -0.2419222 , -0.4510392 , -0.4510392 , 0 , M , 0 , 0 , 130 , 105 , 1
 5 , 165 , 40.45991 , -0.9875865 , 0.3808487 , 0.3808487 , 0 , F , 0 , 0 , 132 , 129 , 1
 5 , 166 , 41.67605 , -0.2124636 , -0.1960528 , -0.1960528 , 0 , F , 0 , 0 , 133 , 39 , 1
 5 , 167 , 40.83251 , -0.9948075 , -1.110175 , -1.110175 , 0 , M , 0 , 0 , 133 , 39 , 1
 5 , 168 , 59.70683 , 0.4889184 , -0.4852884 , -0.4852884 , 0 , F , 0 , 0 , 134 , 111 , 1
 5 , 169 , 61.84591 , -0.3561906 , -2.129609 , -2.129609 , 0 , F , 0 , 0 , 135 , 109 , 1
 5 , 3 , 12.32009 , 0.7586034 , 0.7431717 , 0.7431717 , 37 , F , 1 , 4 , NA , NA , 0
 5 , 6 , 19.73316 , 0.2030747 , 0.0121612 , 0.0121612 , 42 , M , 0 , 4 , NA , NA , 0
 5 , 24 , 15.34685 , -0.1139206 , -0.1179307 , -0.1179307 , 40 , F , 1 , 4 , NA , NA , 0
 5 , 35 , 14.40776 , 0.005053102 , -0.07232577 , -0.07232577 , 40 , M , 0 , 4 , NA , NA , 0
 5 , 80 , 33.28008 , -0.3113276 , 1.058858 , 1.058858 , 60 , F , 1 , 3 , 60 , 45 , 0
 5 , 87 , 20.4943 , -0.04027388 , 0.7183837 , 0.7183837 , 41 , F , 2 , 2 , 36 , 52 , 0
 5 , 106 , 18.29105 , -0.5890944 , 0.2644738 , 0.2644738 , 36 , F , 2 , 1 , 36 , 39 , 0
 5 , 115 , 40.65887 , 0.02289685 , 0.3312081 , 0.3312081 , 65 , F , 1 , 1 , 79 , 49 , 0
 5 , 116 , 46.75314 , 0.09952457 , 1.114712 , 1.114712 , 76 , M , 0 , 1 , 80 , 99 , 0
 5 , 122 , 26.50363 , -0.6867493 , -1.518955 , -1.518955 , 52 , M , 0 , 0 , 7 , 26 , 0
 5 , 126 , 30.28534 , -0.5207904 , -0.903253 , -0.903253 , 60 , F , 0 , 0 , 55 , 112 , 0
 5 , 127 , 23.05265 , -0.5730047 , -0.6839632 , -0.6839632 , 50 , M , 0 , 0 , 57 , 84 , 0
 5 , 137 , 45.59125 , -0.2480313 , -0.4983855 , -0.4983855 , 73 , M , 0 , 0 , 93 , 111 , 0
 5 , 138 , 26.92221 , 0.02216726 , 1.521745 , 1.521745 , 48 , F , 0 , 0 , 106 , 98 , 0